_io,pos_x,pos_y,pos_z,frame_number
<_io.BytesIO object at 0x000001ED50BD1F90>,0.3769403100013733,0.02258465252816677,0.5408082604408264,1323875
<_io.BytesIO object at 0x000001ED50BD1220>,0.2952803075313568,0.020576711744070053,0.5577420592308044,1323875
<_io.BytesIO object at 0x000001ED50BD1E50>,0.20524337887763977,0.01750323362648487,0.5746476054191589,1323875
<_io.BytesIO object at 0x000001ED50BD1AE0>,0.37692204117774963,0.021503470838069916,0.5410473942756653,1323876
<_io.BytesIO object at 0x000001ED50BD1F90>,0.29527270793914795,0.019450271502137184,0.5579932332038879,1323876
<_io.BytesIO object at 0x000001ED50BD1310>,0.20525726675987244,0.01696341298520565,0.5747966766357422,1323876
<_io.BytesIO object at 0x000001ED50BD1220>,0.3769789934158325,0.02117115631699562,0.5404065847396851,1323877
<_io.BytesIO object at 0x000001ED50BD1360>,0.29521456360816956,0.019303100183606148,0.5573047399520874,1323877
<_io.BytesIO object at 0x000001ED50BD1B30>,0.2051767259836197,0.016972718760371208,0.5742298364639282,1323877
<_io.BytesIO object at 0x000001ED50BD1950>,0.3768113851547241,0.021509170532226562,0.5400378704071045,1323878
<_io.BytesIO object at 0x000001ED50BD16D0>,0.2952898442745209,0.019545504823327065,0.5570884943008423,1323878
<_io.BytesIO object at 0x000001ED50BD1270>,0.20516757667064667,0.017010770738124847,0.5740799903869629,1323878
<_io.BytesIO object at 0x000001ED50BD13B0>,0.3767395615577698,0.021862832829356194,0.5401206016540527,1323879
<_io.BytesIO object at 0x000001ED50BD1AE0>,0.2953205704689026,0.019646570086479187,0.5571032762527466,1323879
<_io.BytesIO object at 0x000001ED50BD1A90>,0.20519079267978668,0.017067644745111465,0.5740861296653748,1323879
<_io.BytesIO object at 0x000001ED50BD1360>,0.3767467737197876,0.02199726365506649,0.5401697754859924,1323880
<_io.BytesIO object at 0x000001ED50BD1630>,0.29533320665359497,0.01970869116485119,0.5571199655532837,1323880
<_io.BytesIO object at 0x000001ED50BD1720>,0.20520493388175964,0.017091356217861176,0.5740853548049927,1323880
<_io.BytesIO object at 0x000001ED50BD2CC0>,0.37675145268440247,0.022062940523028374,0.5400898456573486,1323881
<_io.BytesIO object at 0x000001ED50BD69F0>,0.29532986879348755,0.0197389367967844,0.5570772290229797,1323881
<_io.BytesIO object at 0x000001ED50BD69A0>,0.20521016418933868,0.01710611954331398,0.5740287899971008,1323881
<_io.BytesIO object at 0x000001ED50BD2950>,0.3768051564693451,0.022072816267609596,0.5399100184440613,1323882
<_io.BytesIO object at 0x000001ED50BD2C70>,0.29531437158584595,0.019755041226744652,0.5570143461227417,1323882
<_io.BytesIO object at 0x000001ED50BD2590>,0.2051912546157837,0.017119023948907852,0.5739677548408508,1323882
<_io.BytesIO object at 0x000001ED50BD2590>,0.3767431378364563,0.02214401587843895,0.5396904349327087,1323883
<_io.BytesIO object at 0x000001ED50BD2CC0>,0.2952684462070465,0.0198068730533123,0.556940495967865,1323883
<_io.BytesIO object at 0x000001ED50BD2A40>,0.20507577061653137,0.017030702903866768,0.5738739371299744,1323883
<_io.BytesIO object at 0x000001ED50BD2A40>,0.3767196536064148,0.022173870354890823,0.5395873188972473,1323884
<_io.BytesIO object at 0x000001ED50BD2B80>,0.2952352464199066,0.019821204245090485,0.5567728281021118,1323884
<_io.BytesIO object at 0x000001ED50BD2180>,0.20514489710330963,0.01713813841342926,0.5738319754600525,1323884
<_io.BytesIO object at 0x000001ED50BD2180>,0.3766518235206604,0.022124947980046272,0.5395084619522095,1323885
<_io.BytesIO object at 0x000001ED50BD2C70>,0.29521384835243225,0.01981162279844284,0.5567150115966797,1323885
<_io.BytesIO object at 0x000001ED50BD2F90>,0.20500627160072327,0.017036940902471542,0.5737839937210083,1323885
<_io.BytesIO object at 0x000001ED50BD2F90>,0.3766530156135559,0.022084610536694527,0.5393686890602112,1323886
<_io.BytesIO object at 0x000001ED50BD2810>,0.2951008677482605,0.019802482798695564,0.5565094351768494,1323886
<_io.BytesIO object at 0x000001ED50BD23B0>,0.20497284829616547,0.017010532319545746,0.5737401247024536,1323886
<_io.BytesIO object at 0x000001ED50BD23B0>,0.37664109468460083,0.022042686119675636,0.5392895340919495,1323887
<_io.BytesIO object at 0x000001ED50BD2180>,0.2950713336467743,0.01979445293545723,0.5564568638801575,1323887
<_io.BytesIO object at 0x000001ED50BD2680>,0.20495174825191498,0.01699225977063179,0.5737069249153137,1323887
<_io.BytesIO object at 0x000001ED50BD2680>,0.37660807371139526,0.022030243650078773,0.539232075214386,1323888
<_io.BytesIO object at 0x000001ED50BD2C70>,0.2950422465801239,0.01979193091392517,0.5564003586769104,1323888
<_io.BytesIO object at 0x000001ED50BD2770>,0.20493465662002563,0.016977710649371147,0.5736815929412842,1323888
<_io.BytesIO object at 0x000001ED50BD2770>,0.37658101320266724,0.022001873701810837,0.5392086505889893,1323889
<_io.BytesIO object at 0x000001ED50BD2810>,0.2950413227081299,0.019766103476285934,0.5562973618507385,1323889
<_io.BytesIO object at 0x000001ED50BD21D0>,0.20491348206996918,0.016956251114606857,0.5736826658248901,1323889
<_io.BytesIO object at 0x000001ED50BD21D0>,0.3765614628791809,0.021958142518997192,0.5392062664031982,1323890
<_io.BytesIO object at 0x000001ED50BD2EF0>,0.2950334846973419,0.019728807732462883,0.5563040971755981,1323890
<_io.BytesIO object at 0x000001ED50BD2B80>,0.20490674674510956,0.016920212656259537,0.5736967921257019,1323890
<_io.BytesIO object at 0x000001ED50BD2B80>,0.3765474259853363,0.02192099578678608,0.5392199158668518,1323891
<_io.BytesIO object at 0x000001ED50BD2770>,0.2950345575809479,0.019679885357618332,0.5563288331031799,1323891
<_io.BytesIO object at 0x000001ED50BD2180>,0.20488667488098145,0.01675371080636978,0.5736647844314575,1323891
<_io.BytesIO object at 0x000001ED50BD2180>,0.3765421509742737,0.021878426894545555,0.5392423272132874,1323892
<_io.BytesIO object at 0x000001ED50BD2680>,0.2950325310230255,0.019649993628263474,0.5563589334487915,1323892
<_io.BytesIO object at 0x000001ED50BD2090>,0.20488731563091278,0.016723571345210075,0.573691725730896,1323892
<_io.BytesIO object at 0x000001ED50BD2090>,0.3765404224395752,0.021846724674105644,0.5392701029777527,1323893
<_io.BytesIO object at 0x000001ED50BD23B0>,0.29503417015075684,0.01961725577712059,0.5563923120498657,1323893
<_io.BytesIO object at 0x000001ED50BD21D0>,0.2048839032649994,0.016690095886588097,0.5737282633781433,1323893
<_io.BytesIO object at 0x000001ED50BD21D0>,0.37652891874313354,0.021819688379764557,0.5393155813217163,1323894
<_io.BytesIO object at 0x000001ED50BD2450>,0.29503777623176575,0.019581925123929977,0.5564305782318115,1323894
<_io.BytesIO object at 0x000001ED50BD2A90>,0.20489761233329773,0.01664753258228302,0.573771595954895,1323894
<_io.BytesIO object at 0x000001ED50BD2A90>,0.37652990221977234,0.021799439564347267,0.5393584370613098,1323895
<_io.BytesIO object at 0x000001ED50BD2270>,0.29506173729896545,0.019534477964043617,0.5564835667610168,1323895
<_io.BytesIO object at 0x000001ED50BD2900>,0.20488032698631287,0.016574673354625702,0.5737771987915039,1323895
<_io.BytesIO object at 0x000001ED50BD2900>,0.3764915466308594,0.021770698949694633,0.5394600033760071,1323896
<_io.BytesIO object at 0x000001ED50BD2F90>,0.2951558828353882,0.019480176270008087,0.5566979646682739,1323896
<_io.BytesIO object at 0x000001ED50BD2E50>,0.20482829213142395,0.016455642879009247,0.5737990140914917,1323896
<_io.BytesIO object at 0x000001ED50BD2E50>,0.3764711320400238,0.021756380796432495,0.5394917726516724,1323897
<_io.BytesIO object at 0x000001ED50BD2A90>,0.2951492369174957,0.01944582164287567,0.556751549243927,1323897
<_io.BytesIO object at 0x000001ED50BD23B0>,0.20490717887878418,0.016404934227466583,0.5739622116088867,1323897
<_io.BytesIO object at 0x000001ED50BD23B0>,0.37646737694740295,0.021710479632019997,0.5395411849021912,1323898
<_io.BytesIO object at 0x000001ED50BD2270>,0.29516708850860596,0.01941802352666855,0.5568822026252747,1323898
<_io.BytesIO object at 0x000001ED50BD2BD0>,0.2049349993467331,0.01629992574453354,0.5740339756011963,1323898
<_io.BytesIO object at 0x000001ED50BD2BD0>,0.3764643669128418,0.02165459468960762,0.5396159887313843,1323899
<_io.BytesIO object at 0x000001ED50BD2F90>,0.295172780752182,0.019376125186681747,0.5569310188293457,1323899
<_io.BytesIO object at 0x000001ED50BD2770>,0.20496119558811188,0.016220811754465103,0.5740945339202881,1323899
<_io.BytesIO object at 0x000001ED50BD2770>,0.37645140290260315,0.02158019132912159,0.5397288799285889,1323900
<_io.BytesIO object at 0x000001ED50BD2090>,0.29507869482040405,0.019171416759490967,0.5570840835571289,1323900
<_io.BytesIO object at 0x000001ED50BD22C0>,0.2049655318260193,0.016124887391924858,0.5741763114929199,1323900
<_io.BytesIO object at 0x000001ED50BD22C0>,0.3764418363571167,0.02152092754840851,0.5398252010345459,1323901
<_io.BytesIO object at 0x000001ED50BD2D10>,0.29507726430892944,0.019120758399367332,0.5571396946907043,1323901
<_io.BytesIO object at 0x000001ED50BD23B0>,0.20495419204235077,0.016043350100517273,0.5742334127426147,1323901
<_io.BytesIO object at 0x000001ED50BD23B0>,0.3764193654060364,0.021441860124468803,0.5399560332298279,1323902
<_io.BytesIO object at 0x000001ED50BD2770>,0.29506632685661316,0.019064778462052345,0.5572322607040405,1323902
<_io.BytesIO object at 0x000001ED50BD2E50>,0.204925075173378,0.015841884538531303,0.5744205117225647,1323902
<_io.BytesIO object at 0x000001ED50BD2E50>,0.376383900642395,0.02147218957543373,0.540120005607605,1323903
<_io.BytesIO object at 0x000001ED50BD2090>,0.29504820704460144,0.01900700479745865,0.5573139190673828,1323903
<_io.BytesIO object at 0x000001ED50BD2180>,0.2049684226512909,0.015720196068286896,0.5745143890380859,1323903
<_io.BytesIO object at 0x000001ED50BD2180>,0.3764164447784424,0.021472441032528877,0.5403107404708862,1323904
<_io.BytesIO object at 0x000001ED50BD2D10>,0.2951110303401947,0.018927298486232758,0.5573702454566956,1323904
<_io.BytesIO object at 0x000001ED50BD2EF0>,0.20496083796024323,0.015672147274017334,0.5745672583580017,1323904
<_io.BytesIO object at 0x000001ED50BD2EF0>,0.376357764005661,0.021418429911136627,0.5403677821159363,1323905
<_io.BytesIO object at 0x000001ED50BD2770>,0.2950407564640045,0.018847104161977768,0.5575374960899353,1323905
<_io.BytesIO object at 0x000001ED50BD2950>,0.20496544241905212,0.015630438923835754,0.5746896266937256,1323905
<_io.BytesIO object at 0x000001ED50BD2950>,0.3765018582344055,0.021200567483901978,0.5405457019805908,1323906
<_io.BytesIO object at 0x000001ED50BD2090>,0.29509449005126953,0.018751444295048714,0.5576313138008118,1323906
<_io.BytesIO object at 0x000001ED50BD21D0>,0.2049858719110489,0.015606912784278393,0.5747634768486023,1323906
<_io.BytesIO object at 0x000001ED50BD2180>,0.3765183687210083,0.021113842725753784,0.5406213998794556,1323907
<_io.BytesIO object at 0x000001ED50BD2C70>,0.29500457644462585,0.01864096336066723,0.5577822923660278,1323907
<_io.BytesIO object at 0x000001ED50BD2400>,0.20497724413871765,0.015569671057164669,0.5748201012611389,1323907
<_io.BytesIO object at 0x000001ED50BD2B80>,0.37650859355926514,0.021081671118736267,0.5407021045684814,1323908
<_io.BytesIO object at 0x000001ED50BD2CC0>,0.29500800371170044,0.01859605498611927,0.5578400492668152,1323908
<_io.BytesIO object at 0x000001ED50BD2900>,0.2049657702445984,0.015535807237029076,0.5748487114906311,1323908
<_io.BytesIO object at 0x000001ED50BD2900>,0.3765172064304352,0.02105342224240303,0.540774405002594,1323909
<_io.BytesIO object at 0x000001ED50BD29F0>,0.29510703682899475,0.018636049702763557,0.5577784776687622,1323909
<_io.BytesIO object at 0x000001ED50BD2450>,0.20496711134910583,0.015515314415097237,0.5748716592788696,1323909
<_io.BytesIO object at 0x000001ED50BD2E50>,0.37651288509368896,0.02102256938815117,0.540847897529602,1323910
<_io.BytesIO object at 0x000001ED50BD2B30>,0.2950131893157959,0.018537286669015884,0.557940661907196,1323910
<_io.BytesIO object at 0x000001ED50BD23B0>,0.20496203005313873,0.015494454652071,0.5749057531356812,1323910
<_io.BytesIO object at 0x000001ED50BD23B0>,0.3765108287334442,0.020974352955818176,0.5409478545188904,1323911
<_io.BytesIO object at 0x000001ED50BD2270>,0.2950136661529541,0.018512723967432976,0.5579865574836731,1323911
<_io.BytesIO object at 0x000001ED50BD2F40>,0.20495696365833282,0.015481854788959026,0.5749166011810303,1323911
<_io.BytesIO object at 0x000001ED50BD2F40>,0.37650471925735474,0.02092737704515457,0.5410197973251343,1323912
<_io.BytesIO object at 0x000001ED50BD2090>,0.29500946402549744,0.01850399188697338,0.5580229759216309,1323912
<_io.BytesIO object at 0x000001ED50BD2E00>,0.2049492448568344,0.015482227317988873,0.5749213099479675,1323912
<_io.BytesIO object at 0x000001ED50BD2E00>,0.3766152858734131,0.02071208506822586,0.5410517454147339,1323913
<_io.BytesIO object at 0x000001ED50BD2D10>,0.29500406980514526,0.018483519554138184,0.5580511689186096,1323913
<_io.BytesIO object at 0x000001ED50BD2A40>,0.20493826270103455,0.015490110032260418,0.574918806552887,1323913
<_io.BytesIO object at 0x000001ED50BD2A40>,0.3765721619129181,0.020621271803975105,0.5411592125892639,1323914
<_io.BytesIO object at 0x000001ED50BD2F40>,0.2950016260147095,0.018460555002093315,0.5580655932426453,1323914
<_io.BytesIO object at 0x000001ED50BD29F0>,0.20492734014987946,0.01551192905753851,0.5748956799507141,1323914
<_io.BytesIO object at 0x000001ED50BD29F0>,0.3765600919723511,0.0205706637352705,0.5412444472312927,1323915
<_io.BytesIO object at 0x000001ED50BD2090>,0.2949793040752411,0.018448950722813606,0.5581088662147522,1323915
<_io.BytesIO object at 0x000001ED50BD2400>,0.20489726960659027,0.015531085431575775,0.5748810172080994,1323915
<_io.BytesIO object at 0x000001ED50BD2400>,0.3765662908554077,0.02053397335112095,0.541301429271698,1323916
<_io.BytesIO object at 0x000001ED50BD2D10>,0.2949732840061188,0.018456827849149704,0.558122456073761,1323916
<_io.BytesIO object at 0x000001ED50BD2900>,0.2048839032649994,0.015571441501379013,0.5748689770698547,1323916
<_io.BytesIO object at 0x000001ED50BD2900>,0.37656623125076294,0.020493673160672188,0.5413526892662048,1323917
<_io.BytesIO object at 0x000001ED50BD2EF0>,0.29496467113494873,0.018458683043718338,0.5581430196762085,1323917
<_io.BytesIO object at 0x000001ED50BD2A90>,0.20487695932388306,0.01560983620584011,0.5748440623283386,1323917
<_io.BytesIO object at 0x000001ED50BD2A90>,0.3765794038772583,0.020457180216908455,0.5414078235626221,1323918
<_io.BytesIO object at 0x000001ED50BD2400>,0.29496270418167114,0.01847967877984047,0.5581496357917786,1323918
<_io.BytesIO object at 0x000001ED50BD2E00>,0.20486098527908325,0.015664739534258842,0.5748189091682434,1323918
<_io.BytesIO object at 0x000001ED50BD2E00>,0.37655994296073914,0.020533209666609764,0.5415146946907043,1323919
<_io.BytesIO object at 0x000001ED50BD22C0>,0.2949661314487457,0.018488887697458267,0.5581573247909546,1323919
<_io.BytesIO object at 0x000001ED50BD2680>,0.2047925740480423,0.015807436779141426,0.5746999382972717,1323919
<_io.BytesIO object at 0x000001ED50BD2450>,0.376569002866745,0.020506132394075394,0.5415524840354919,1323920
<_io.BytesIO object at 0x000001ED50BD2950>,0.2949730455875397,0.018498005345463753,0.5581527948379517,1323920
<_io.BytesIO object at 0x000001ED50BD2B80>,0.2047862708568573,0.0158663559705019,0.5746632218360901,1323920
<_io.BytesIO object at 0x000001ED50BD2B80>,0.3765818476676941,0.020472966134548187,0.5415758490562439,1323921
<_io.BytesIO object at 0x000001ED50BD2680>,0.29497459530830383,0.018512645736336708,0.5581434965133667,1323921
<_io.BytesIO object at 0x000001ED50BD2B30>,0.20479002594947815,0.01593075320124626,0.5746392011642456,1323921
<_io.BytesIO object at 0x000001ED50BD2B30>,0.3767457604408264,0.020330650731921196,0.5416862368583679,1323922
<_io.BytesIO object at 0x000001ED50BD2450>,0.29498565196990967,0.01852743700146675,0.5581526160240173,1323922
<_io.BytesIO object at 0x000001ED50BD23B0>,0.20473714172840118,0.016025172546505928,0.5745095014572144,1323922
<_io.BytesIO object at 0x000001ED50BD23B0>,0.3767591416835785,0.02029692381620407,0.5417143106460571,1323923
<_io.BytesIO object at 0x000001ED50BD2A40>,0.29509246349334717,0.018632356077432632,0.5580370426177979,1323923
<_io.BytesIO object at 0x000001ED50BD2040>,0.20470044016838074,0.016063030809164047,0.574434757232666,1323923
<_io.BytesIO object at 0x000001ED50BD2040>,0.3767697513103485,0.020272858440876007,0.5417539477348328,1323924
<_io.BytesIO object at 0x000001ED50BD2900>,0.29509130120277405,0.01864587888121605,0.5580305457115173,1323924
<_io.BytesIO object at 0x000001ED50BD2950>,0.20481671392917633,0.016369057819247246,0.5744411945343018,1323924
<_io.BytesIO object at 0x000001ED50BD2950>,0.37679627537727356,0.020222267135977745,0.541782796382904,1323925
<_io.BytesIO object at 0x000001ED50BD2EF0>,0.2951001822948456,0.01866433583199978,0.5580207109451294,1323925
<_io.BytesIO object at 0x000001ED50BD2B30>,0.20482590794563293,0.016451258212327957,0.5744059681892395,1323925
<_io.BytesIO object at 0x000001ED50BD2B30>,0.37681296467781067,0.020192472264170647,0.5418187379837036,1323926
<_io.BytesIO object at 0x000001ED50BD2040>,0.2951211929321289,0.018674759194254875,0.5580055117607117,1323926
<_io.BytesIO object at 0x000001ED50BD23B0>,0.20482176542282104,0.016521189361810684,0.5743547677993774,1323926
<_io.BytesIO object at 0x000001ED50BD23B0>,0.37688589096069336,0.020169945433735847,0.5419238805770874,1323927
<_io.BytesIO object at 0x000001ED50BD2900>,0.29512399435043335,0.018681731075048447,0.5580185055732727,1323927
<_io.BytesIO object at 0x000001ED50BD2E00>,0.2047993242740631,0.016602659597992897,0.5743066072463989,1323927
<_io.BytesIO object at 0x000001ED50BD2E00>,0.3769192397594452,0.020102322101593018,0.5419718623161316,1323928
<_io.BytesIO object at 0x000001ED50BD2270>,0.2951365113258362,0.01869078539311886,0.5580257773399353,1323928
<_io.BytesIO object at 0x000001ED50BD2F40>,0.20479217171669006,0.016692882403731346,0.5742618441581726,1323928
<_io.BytesIO object at 0x000001ED50BD2F40>,0.37693893909454346,0.02006494253873825,0.5420145392417908,1323929
<_io.BytesIO object at 0x000001ED50BD23B0>,0.29514363408088684,0.018701622262597084,0.5580254197120667,1323929
<_io.BytesIO object at 0x000001ED50BD2EF0>,0.20480628311634064,0.01675431989133358,0.5742103457450867,1323929
<_io.BytesIO object at 0x000001ED50BD2EF0>,0.3769594728946686,0.02004530094563961,0.5420780777931213,1323930
<_io.BytesIO object at 0x000001ED50BD2900>,0.2951682507991791,0.018706971779465675,0.55800861120224,1323930
<_io.BytesIO object at 0x000001ED50BD24F0>,0.2048064023256302,0.016808539628982544,0.5741782784461975,1323930
<_io.BytesIO object at 0x000001ED50BD24F0>,0.3769378960132599,0.01996035687625408,0.5420883893966675,1323931
<_io.BytesIO object at 0x000001ED50BD22C0>,0.2951798141002655,0.018711930140852928,0.5580142140388489,1323931
<_io.BytesIO object at 0x000001ED50BD2B80>,0.2048013061285019,0.016855262219905853,0.5741469264030457,1323931
<_io.BytesIO object at 0x000001ED50BD2B80>,0.3769567906856537,0.01988835819065571,0.5421785712242126,1323932
<_io.BytesIO object at 0x000001ED50BD2EF0>,0.295179158449173,0.01870393380522728,0.5580487251281738,1323932
<_io.BytesIO object at 0x000001ED50BD2090>,0.2048998475074768,0.01701577566564083,0.5740529298782349,1323932
<_io.BytesIO object at 0x000001ED50BD2090>,0.3769737482070923,0.019856050610542297,0.542233407497406,1323933
<_io.BytesIO object at 0x000001ED50BD2900>,0.29518476128578186,0.018701106309890747,0.5580574870109558,1323933
<_io.BytesIO object at 0x000001ED50BD2A40>,0.20491276681423187,0.017048772424459457,0.5740247964859009,1323933
<_io.BytesIO object at 0x000001ED50BD2A40>,0.37698596715927124,0.01982107199728489,0.542282223701477,1323934
<_io.BytesIO object at 0x000001ED50BD2E50>,0.29518985748291016,0.018691008910536766,0.5580658316612244,1323934
<_io.BytesIO object at 0x000001ED50BD2F40>,0.2048036903142929,0.01697411760687828,0.5739734768867493,1323934
<_io.BytesIO object at 0x000001ED50BD19F0>,0.37699198722839355,0.01979057490825653,0.5423262119293213,1323935
<_io.BytesIO object at 0x000001ED50BD1B30>,0.2952130138874054,0.01869419775903225,0.5581494569778442,1323935
<_io.BytesIO object at 0x000001ED50BD6770>,0.20480215549468994,0.016979321837425232,0.5739478468894958,1323935
<_io.BytesIO object at 0x000001ED50BD19F0>,0.3769821524620056,0.01974056288599968,0.5424044728279114,1323936
<_io.BytesIO object at 0x000001ED50BD10E0>,0.2952108681201935,0.01868366077542305,0.5581616759300232,1323936
<_io.BytesIO object at 0x000001ED50BD6220>,0.2047891467809677,0.01698879897594452,0.5739269852638245,1323936
<_io.BytesIO object at 0x000001ED50BD19F0>,0.37698814272880554,0.01969919167459011,0.5424684882164001,1323937
<_io.BytesIO object at 0x000001ED50BD1A90>,0.2952066957950592,0.01866958476603031,0.5581694841384888,1323937
<_io.BytesIO object at 0x000001ED50BD68B0>,0.20479263365268707,0.01699911244213581,0.5739059448242188,1323937
<_io.BytesIO object at 0x000001ED50BD1950>,0.37697839736938477,0.01969248615205288,0.5425039529800415,1323938
<_io.BytesIO object at 0x000001ED50BD1DB0>,0.2952112555503845,0.018663471564650536,0.5581720471382141,1323938
<_io.BytesIO object at 0x000001ED50BD6310>,0.2047828733921051,0.0170113667845726,0.5738828778266907,1323938
<_io.BytesIO object at 0x000001ED50BD1950>,0.37698185443878174,0.019682105630636215,0.5425336360931396,1323939
<_io.BytesIO object at 0x000001ED50BD1C20>,0.29521459341049194,0.018678687512874603,0.5581710934638977,1323939
<_io.BytesIO object at 0x000001ED50BD6C20>,0.20477846264839172,0.017020998522639275,0.5738620162010193,1323939
<_io.BytesIO object at 0x000001ED50BD1950>,0.37698861956596375,0.019673723727464676,0.5425710082054138,1323940
<_io.BytesIO object at 0x000001ED50BD1360>,0.2952122688293457,0.018676716834306717,0.5581710338592529,1323940
<_io.BytesIO object at 0x000001ED50BD19F0>,0.20479199290275574,0.01703396625816822,0.5738114714622498,1323940
<_io.BytesIO object at 0x000001ED50BD1AE0>,0.3769911527633667,0.01967446878552437,0.5425922870635986,1323941
<_io.BytesIO object at 0x000001ED50BD13B0>,0.29521098732948303,0.0186773594468832,0.5581853985786438,1323941
<_io.BytesIO object at 0x000001ED50BD6590>,0.20478388667106628,0.017041929066181183,0.5737946033477783,1323941
<_io.BytesIO object at 0x000001ED50BD1AE0>,0.3769579529762268,0.01976572722196579,0.5426672697067261,1323942
<_io.BytesIO object at 0x000001ED50BD1F90>,0.2952074706554413,0.018689416348934174,0.5581705570220947,1323942
<_io.BytesIO object at 0x000001ED50BD1D60>,0.20478379726409912,0.01705668680369854,0.5737753510475159,1323942
<_io.BytesIO object at 0x000001ED50BD1950>,0.37699535489082336,0.019697511568665504,0.5425998568534851,1323943
<_io.BytesIO object at 0x000001ED50BD19A0>,0.2952059805393219,0.0187067911028862,0.5581575632095337,1323943
<_io.BytesIO object at 0x000001ED50BD6950>,0.20477774739265442,0.017079241573810577,0.573743462562561,1323943
<_io.BytesIO object at 0x000001ED50BD1720>,0.3769904375076294,0.019703814759850502,0.5425780415534973,1323944
<_io.BytesIO object at 0x000001ED50BD1AE0>,0.29518750309944153,0.018706001341342926,0.5580560564994812,1323944
<_io.BytesIO object at 0x000001ED50BD6D10>,0.20477551221847534,0.017090439796447754,0.5737110376358032,1323944
<_io.BytesIO object at 0x000001ED50BD1360>,0.376981645822525,0.01973721943795681,0.5425592660903931,1323945
<_io.BytesIO object at 0x000001ED50BD19A0>,0.2951771020889282,0.018726849928498268,0.5580431818962097,1323945
<_io.BytesIO object at 0x000001ED50BD6C20>,0.20476357638835907,0.01711399480700493,0.5736863017082214,1323945
<_io.BytesIO object at 0x000001ED50BD1360>,0.3769783675670624,0.019753996282815933,0.5425344109535217,1323946
<_io.BytesIO object at 0x000001ED50BD18B0>,0.2951027750968933,0.01877264492213726,0.5579970479011536,1323946
<_io.BytesIO object at 0x000001ED50BD61D0>,0.2047528773546219,0.017129236832261086,0.5736626982688904,1323946
<_io.BytesIO object at 0x000001ED50BD1360>,0.3769688010215759,0.0197816900908947,0.542511522769928,1323947
<_io.BytesIO object at 0x000001ED50BD1DB0>,0.2950930595397949,0.018794231116771698,0.5579662322998047,1323947
<_io.BytesIO object at 0x000001ED50BD66D0>,0.20473507046699524,0.01713716611266136,0.5736360549926758,1323947
<_io.BytesIO object at 0x000001ED50BD1F90>,0.37695759534835815,0.01980428397655487,0.54249107837677,1323948
<_io.BytesIO object at 0x000001ED50BD1360>,0.2950804829597473,0.01880764402449131,0.5579534769058228,1323948
<_io.BytesIO object at 0x000001ED50BD66D0>,0.20472830533981323,0.017167067155241966,0.5735987424850464,1323948
<_io.BytesIO object at 0x000001ED50BD19A0>,0.3769495189189911,0.01982090063393116,0.5424779057502747,1323949
<_io.BytesIO object at 0x000001ED50BD19F0>,0.2950734496116638,0.018825368955731392,0.5579293966293335,1323949
<_io.BytesIO object at 0x000001ED50BD66D0>,0.20471224188804626,0.017179111018776894,0.5735735297203064,1323949
<_io.BytesIO object at 0x000001ED50BD19A0>,0.3769420087337494,0.019830036908388138,0.5424674153327942,1323950
<_io.BytesIO object at 0x000001ED50BD18B0>,0.29506033658981323,0.018834175541996956,0.5579110980033875,1323950
<_io.BytesIO object at 0x000001ED50BD1DB0>,0.2047034502029419,0.0171902347356081,0.5735493302345276,1323950
<_io.BytesIO object at 0x000001ED50BD19F0>,0.37693995237350464,0.019838284701108932,0.5424614548683167,1323951
<_io.BytesIO object at 0x000001ED50BD1AE0>,0.2950519621372223,0.01884590834379196,0.5579008460044861,1323951
<_io.BytesIO object at 0x000001ED50BD6BD0>,0.2047102004289627,0.017278455197811127,0.573326051235199,1323951
<_io.BytesIO object at 0x000001ED50BD19F0>,0.3769386410713196,0.019837044179439545,0.542460560798645,1323952
<_io.BytesIO object at 0x000001ED50BD1220>,0.29505279660224915,0.018848994746804237,0.5578895807266235,1323952
<_io.BytesIO object at 0x000001ED50BD69F0>,0.20472337305545807,0.017291635274887085,0.5732707381248474,1323952
<_io.BytesIO object at 0x000001ED50BD19F0>,0.37693729996681213,0.019847040995955467,0.542451798915863,1323953
<_io.BytesIO object at 0x000001ED50BD18B0>,0.2950519025325775,0.018861787393689156,0.5578662753105164,1323953
<_io.BytesIO object at 0x000001ED50BD69A0>,0.20471858978271484,0.017298219725489616,0.5732589960098267,1323953
<_io.BytesIO object at 0x000001ED50BD19F0>,0.3769477903842926,0.019833644852042198,0.5424694418907166,1323954
<_io.BytesIO object at 0x000001ED50BD1360>,0.2950535714626312,0.01886085979640484,0.5578650832176208,1323954
<_io.BytesIO object at 0x000001ED50BD66D0>,0.20472010970115662,0.01730351708829403,0.5732460021972656,1323954
<_io.BytesIO object at 0x000001ED50BD1F90>,0.376947283744812,0.01983037404716015,0.5425085425376892,1323955
<_io.BytesIO object at 0x000001ED50BD1950>,0.2950626313686371,0.01885327696800232,0.5578833818435669,1323955
<_io.BytesIO object at 0x000001ED50BD68B0>,0.20472460985183716,0.017308445647358894,0.5732370615005493,1323955
<_io.BytesIO object at 0x000001ED50BD1AE0>,0.3769591748714447,0.019823899492621422,0.5425435304641724,1323956
<_io.BytesIO object at 0x000001ED50BD19A0>,0.29506778717041016,0.018855776637792587,0.5578852295875549,1323956
<_io.BytesIO object at 0x000001ED50BD6450>,0.20467472076416016,0.01736423745751381,0.5732028484344482,1323956
<_io.BytesIO object at 0x000001ED50BD1D60>,0.37697634100914,0.019809013232588768,0.5425717830657959,1323957
<_io.BytesIO object at 0x000001ED50BD1310>,0.29508069157600403,0.01884659379720688,0.5579036474227905,1323957
<_io.BytesIO object at 0x000001ED50BD64F0>,0.20467863976955414,0.017361575737595558,0.5732000470161438,1323957
<_io.BytesIO object at 0x000001ED50BD1D60>,0.37698954343795776,0.019786784425377846,0.5426087379455566,1323958
<_io.BytesIO object at 0x000001ED50BD1220>,0.29508155584335327,0.018841832876205444,0.5579191446304321,1323958
<_io.BytesIO object at 0x000001ED50BD6BD0>,0.20468327403068542,0.01735108532011509,0.5731959342956543,1323958
<_io.BytesIO object at 0x000001ED50BD1D60>,0.3769533038139343,0.019861210137605667,0.5427271723747253,1323959
<_io.BytesIO object at 0x000001ED50BD1950>,0.29509231448173523,0.01883200742304325,0.5579327344894409,1323959
<_io.BytesIO object at 0x000001ED50BD6C20>,0.20468759536743164,0.01734781078994274,0.573195219039917,1323959
<_io.BytesIO object at 0x000001ED50BD1D60>,0.3769585192203522,0.019846763461828232,0.5427786111831665,1323960
<_io.BytesIO object at 0x000001ED50BD1720>,0.29510316252708435,0.018822723999619484,0.5579525828361511,1323960
<_io.BytesIO object at 0x000001ED50BD6360>,0.2046932876110077,0.017340242862701416,0.5731984376907349,1323960
<_io.BytesIO object at 0x000001ED50BD1A90>,0.37697580456733704,0.019829628989100456,0.542800784111023,1323961
<_io.BytesIO object at 0x000001ED50BD1220>,0.29510918259620667,0.01880558207631111,0.5579642653465271,1323961
<_io.BytesIO object at 0x000001ED50BD61D0>,0.20475412905216217,0.01728004962205887,0.5732196569442749,1323961
<_io.BytesIO object at 0x000001ED50BD1360>,0.3771373927593231,0.019710231572389603,0.54289311170578,1323962
<_io.BytesIO object at 0x000001ED50BD1D60>,0.29512447118759155,0.018797876313328743,0.557973325252533,1323962
<_io.BytesIO object at 0x000001ED50BD6860>,0.2047109305858612,0.017318876460194588,0.5731872916221619,1323962
<_io.BytesIO object at 0x000001ED50BD1360>,0.37714898586273193,0.01969362609088421,0.5429195761680603,1323963
<_io.BytesIO object at 0x000001ED50BD1310>,0.29513078927993774,0.018788062036037445,0.557991087436676,1323963
<_io.BytesIO object at 0x000001ED50BD69F0>,0.20476631820201874,0.017253577709197998,0.573217511177063,1323963
<_io.BytesIO object at 0x000001ED50BD1360>,0.37716132402420044,0.019690001383423805,0.5429391860961914,1323964
<_io.BytesIO object at 0x000001ED50BD1AE0>,0.2952124774456024,0.018748285248875618,0.5580035448074341,1323964
<_io.BytesIO object at 0x000001ED50BD64A0>,0.20472435653209686,0.01728869043290615,0.5731930732727051,1323964
<_io.BytesIO object at 0x000001ED50BD1360>,0.3771640360355377,0.019678568467497826,0.5429547429084778,1323965
<_io.BytesIO object at 0x000001ED50BD10E0>,0.2952234745025635,0.0187426395714283,0.5580132603645325,1323965
<_io.BytesIO object at 0x000001ED50BD6770>,0.2047879695892334,0.017221087589859962,0.5732151865959167,1323965
<_io.BytesIO object at 0x000001ED50BD16D0>,0.37718096375465393,0.019678661599755287,0.5429596900939941,1323966
<_io.BytesIO object at 0x000001ED50BD19F0>,0.29524603486061096,0.018721435219049454,0.5579970479011536,1323966
<_io.BytesIO object at 0x000001ED50BD64F0>,0.2048007994890213,0.017188945785164833,0.5731995701789856,1323966
<_io.BytesIO object at 0x000001ED50BD1D60>,0.37719011306762695,0.019677050411701202,0.5429661273956299,1323967
<_io.BytesIO object at 0x000001ED50BD1220>,0.2952522039413452,0.018707923591136932,0.5579981207847595,1323967
<_io.BytesIO object at 0x000001ED50BD64F0>,0.2047877311706543,0.01716923527419567,0.5732097625732422,1323967
<_io.BytesIO object at 0x000001ED50BD16D0>,0.3771893084049225,0.01967526413500309,0.5429649949073792,1323968
<_io.BytesIO object at 0x000001ED50BD1D60>,0.2952570915222168,0.01869972236454487,0.557998538017273,1323968
<_io.BytesIO object at 0x000001ED50BD64F0>,0.20479628443717957,0.017152313143014908,0.5732120275497437,1323968
<_io.BytesIO object at 0x000001ED50BD16D0>,0.3771878480911255,0.019676532596349716,0.5429571270942688,1323969
<_io.BytesIO object at 0x000001ED50BD1360>,0.2952541708946228,0.018679112195968628,0.5579965710639954,1323969
<_io.BytesIO object at 0x000001ED50BD6130>,0.204775869846344,0.016994638368487358,0.5731526017189026,1323969
<_io.BytesIO object at 0x000001ED50BD16D0>,0.37719017267227173,0.019689450040459633,0.542940080165863,1323970
<_io.BytesIO object at 0x000001ED50BD1950>,0.29526111483573914,0.01867571659386158,0.5579843521118164,1323970
<_io.BytesIO object at 0x000001ED50BD63B0>,0.20479607582092285,0.016956448554992676,0.5731341242790222,1323970
<_io.BytesIO object at 0x000001ED50BD16D0>,0.37718814611434937,0.019704265519976616,0.5429276823997498,1323971
<_io.BytesIO object at 0x000001ED50BD1630>,0.2952609658241272,0.018673231825232506,0.5579757690429688,1323971
<_io.BytesIO object at 0x000001ED50BD6BD0>,0.20481105148792267,0.016932334750890732,0.5731172561645508,1323971
<_io.BytesIO object at 0x000001ED50BD19F0>,0.37718284130096436,0.019715292379260063,0.5429086685180664,1323972
<_io.BytesIO object at 0x000001ED50BD1C20>,0.29526397585868835,0.018663901835680008,0.5579679608345032,1323972
<_io.BytesIO object at 0x000001ED50BD6860>,0.2048044353723526,0.016910789534449577,0.5731139779090881,1323972
<_io.BytesIO object at 0x000001ED50BD16D0>,0.37717342376708984,0.019719775766134262,0.5428990721702576,1323973
<_io.BytesIO object at 0x000001ED50BD1F90>,0.2952604591846466,0.018660739064216614,0.557953953742981,1323973
<_io.BytesIO object at 0x000001ED50BD6860>,0.20479042828083038,0.016897978261113167,0.5731277465820312,1323973
<_io.BytesIO object at 0x000001ED50BD16D0>,0.377168744802475,0.01972704753279686,0.5428805351257324,1323974
<_io.BytesIO object at 0x000001ED50BD1AE0>,0.2952496111392975,0.018653130158782005,0.5579464435577393,1323974
<_io.BytesIO object at 0x000001ED50BD6090>,0.20475409924983978,0.016937248408794403,0.5730730891227722,1323974
<_io.BytesIO object at 0x000001ED50BD16D0>,0.37701424956321716,0.01985027641057968,0.5428028106689453,1323975
<_io.BytesIO object at 0x000001ED50BD1C20>,0.29524892568588257,0.018655378371477127,0.5579400658607483,1323975
<_io.BytesIO object at 0x000001ED50BD69F0>,0.20474916696548462,0.016924507915973663,0.5730730891227722,1323975
<_io.BytesIO object at 0x000001ED50BD16D0>,0.37716394662857056,0.019750848412513733,0.5428698062896729,1323976
<_io.BytesIO object at 0x000001ED50BD1A90>,0.2952405512332916,0.018651483580470085,0.5579401254653931,1323976
<_io.BytesIO object at 0x000001ED50BD6B30>,0.20479612052440643,0.016855094581842422,0.5730991959571838,1323976
<_io.BytesIO object at 0x000001ED50BD16D0>,0.3770156800746918,0.01985282637178898,0.5428067445755005,1323977
<_io.BytesIO object at 0x000001ED50BD1130>,0.2952442467212677,0.018641797825694084,0.5579469203948975,1323977
<_io.BytesIO object at 0x000001ED50BD64A0>,0.20474694669246674,0.0169064998626709,0.5730728507041931,1323977
<_io.BytesIO object at 0x000001ED50BD16D0>,0.3771589398384094,0.01974422112107277,0.5428820848464966,1323978
<_io.BytesIO object at 0x000001ED50BD1270>,0.2952417731285095,0.018640149384737015,0.557949423789978,1323978
<_io.BytesIO object at 0x000001ED50BD6590>,0.20479153096675873,0.01682957634329796,0.5731056332588196,1323978
<_io.BytesIO object at 0x000001ED50BD1B30>,0.3771597146987915,0.019738296046853065,0.5428814888000488,1323979
<_io.BytesIO object at 0x000001ED50BD1A90>,0.2952476739883423,0.018637709319591522,0.5579540729522705,1323979
<_io.BytesIO object at 0x000001ED50BD66D0>,0.20479238033294678,0.016830015927553177,0.5731069445610046,1323979
<_io.BytesIO object at 0x000001ED50BD13B0>,0.3771626353263855,0.01973375305533409,0.5428881645202637,1323980
<_io.BytesIO object at 0x000001ED50BD1B30>,0.2952374815940857,0.018637390807271004,0.5579588413238525,1323980
<_io.BytesIO object at 0x000001ED50BD19A0>,0.20478962361812592,0.01682453230023384,0.5731121897697449,1323980
<_io.BytesIO object at 0x000001ED50BD1B30>,0.37701472640037537,0.019845450296998024,0.5428326725959778,1323981
<_io.BytesIO object at 0x000001ED50BD1950>,0.295236736536026,0.018625982105731964,0.5579602718353271,1323981
<_io.BytesIO object at 0x000001ED50BD6D10>,0.20478573441505432,0.016818324103951454,0.5731143355369568,1323981
<_io.BytesIO object at 0x000001ED50BD1B30>,0.3771578371524811,0.019731976091861725,0.5429049134254456,1323982
<_io.BytesIO object at 0x000001ED50BD1630>,0.29523971676826477,0.018621016293764114,0.5579667687416077,1323982
<_io.BytesIO object at 0x000001ED50BD61D0>,0.20479385554790497,0.016809623688459396,0.5731169581413269,1323982
<_io.BytesIO object at 0x000001ED50BD1B30>,0.3770151138305664,0.019833149388432503,0.5428364872932434,1323983
<_io.BytesIO object at 0x000001ED50BD16D0>,0.29523423314094543,0.01861896738409996,0.5579697489738464,1323983
<_io.BytesIO object at 0x000001ED50BD6450>,0.2047913521528244,0.016799641773104668,0.573125422000885,1323983
<_io.BytesIO object at 0x000001ED50BD1B30>,0.3771671950817108,0.019715191796422005,0.5428993701934814,1323984
<_io.BytesIO object at 0x000001ED50BD10E0>,0.2952450215816498,0.01860804297029972,0.5579699277877808,1323984
<_io.BytesIO object at 0x000001ED50BD6BD0>,0.20479297637939453,0.016789786517620087,0.5731312036514282,1323984
<_io.BytesIO object at 0x000001ED50BD1B30>,0.37716609239578247,0.019693290814757347,0.5428959131240845,1323985
<_io.BytesIO object at 0x000001ED50BD19F0>,0.2952590584754944,0.018599672242999077,0.5579720735549927,1323985
<_io.BytesIO object at 0x000001ED50BD6950>,0.20479816198349,0.016786416992545128,0.5731359720230103,1323985
<_io.BytesIO object at 0x000001ED50BD1310>,0.37702953815460205,0.019800392910838127,0.5428490042686462,1323986
<_io.BytesIO object at 0x000001ED50BD16D0>,0.2952560782432556,0.018586600199341774,0.5579811334609985,1323986
<_io.BytesIO object at 0x000001ED50BD6DB0>,0.20481596887111664,0.016794970259070396,0.573238730430603,1323986
<_io.BytesIO object at 0x000001ED50BD1720>,0.3771747350692749,0.019684480503201485,0.5429210662841797,1323987
<_io.BytesIO object at 0x000001ED50BD1220>,0.29527005553245544,0.018593542277812958,0.5580728054046631,1323987
<_io.BytesIO object at 0x000001ED50BD6DB0>,0.20480631291866302,0.016764501109719276,0.5731770992279053,1323987
<_io.BytesIO object at 0x000001ED50BD1310>,0.37718117237091064,0.01965697668492794,0.5429409146308899,1323988
<_io.BytesIO object at 0x000001ED50BD1720>,0.2952716648578644,0.018574049696326256,0.5580025911331177,1323988
<_io.BytesIO object at 0x000001ED50BD6DB0>,0.20481079816818237,0.016762658953666687,0.5731826424598694,1323988
<_io.BytesIO object at 0x000001ED50BD1310>,0.37718522548675537,0.019662907347083092,0.5429394245147705,1323989
<_io.BytesIO object at 0x000001ED50BD1630>,0.29526713490486145,0.018570348620414734,0.5580184459686279,1323989
<_io.BytesIO object at 0x000001ED50BD6810>,0.20481039583683014,0.016757957637310028,0.5731900930404663,1323989
<_io.BytesIO object at 0x000001ED50BD1310>,0.3771810233592987,0.019650381058454514,0.5429590940475464,1323990
<_io.BytesIO object at 0x000001ED50BD13B0>,0.29526591300964355,0.01857462339103222,0.5580106973648071,1323990
<_io.BytesIO object at 0x000001ED50BD6130>,0.2048075646162033,0.016754379495978355,0.5732028484344482,1323990
<_io.BytesIO object at 0x000001ED50BD1D60>,0.3771832585334778,0.019646992906928062,0.5429612994194031,1323991
<_io.BytesIO object at 0x000001ED50BD16D0>,0.2952708899974823,0.018565170466899872,0.5581322908401489,1323991
<_io.BytesIO object at 0x000001ED50BD6270>,0.20482130348682404,0.01677120104432106,0.5732911825180054,1323991
<_io.BytesIO object at 0x000001ED50BD1D60>,0.3771874010562897,0.019648121669888496,0.5429620146751404,1323992
<_io.BytesIO object at 0x000001ED50BD1720>,0.29526031017303467,0.018554577603936195,0.5580494999885559,1323992
<_io.BytesIO object at 0x000001ED50BD6950>,0.20481133460998535,0.016744066029787064,0.5732128620147705,1323992
<_io.BytesIO object at 0x000001ED50BD1360>,0.3771832585334778,0.019640294834971428,0.542953372001648,1323993
<_io.BytesIO object at 0x000001ED50BD1270>,0.2952793836593628,0.01856851764023304,0.5581096410751343,1323993
<_io.BytesIO object at 0x000001ED50BD6590>,0.2048223912715912,0.01676131971180439,0.5732905268669128,1323993
<_io.BytesIO object at 0x000001ED50BD1360>,0.3771863579750061,0.019633356481790543,0.542948842048645,1323994
<_io.BytesIO object at 0x000001ED50BD10E0>,0.2952651083469391,0.018545789644122124,0.5580479502677917,1323994
<_io.BytesIO object at 0x000001ED50BD6090>,0.20481465756893158,0.016742391511797905,0.5732137560844421,1323994
<_io.BytesIO object at 0x000001ED50BD1360>,0.37718096375465393,0.019633164629340172,0.5429455637931824,1323995
<_io.BytesIO object at 0x000001ED50BD18B0>,0.2952635586261749,0.018544573336839676,0.558048665523529,1323995
<_io.BytesIO object at 0x000001ED50BD6860>,0.2047920674085617,0.016748735681176186,0.5732475519180298,1323995
<_io.BytesIO object at 0x000001ED50BD1360>,0.37717825174331665,0.019637200981378555,0.5429320335388184,1323996
<_io.BytesIO object at 0x000001ED50BD1F90>,0.29528290033340454,0.018559247255325317,0.5580973625183105,1323996
<_io.BytesIO object at 0x000001ED50BD6B30>,0.20480358600616455,0.01674499362707138,0.5732359886169434,1323996
<_io.BytesIO object at 0x000001ED50BD1360>,0.3771783113479614,0.019635384902358055,0.5429194569587708,1323997
<_io.BytesIO object at 0x000001ED50BD19A0>,0.29527345299720764,0.01854763925075531,0.5580153465270996,1323997
<_io.BytesIO object at 0x000001ED50BD6450>,0.20481997728347778,0.01678181253373623,0.5732929706573486,1323997
<_io.BytesIO object at 0x000001ED50BD1360>,0.3771800100803375,0.019629186019301414,0.5429160594940186,1323998
<_io.BytesIO object at 0x000001ED50BD1B30>,0.29528188705444336,0.018542323261499405,0.5580064058303833,1323998
<_io.BytesIO object at 0x000001ED50BD6770>,0.20481514930725098,0.016765428707003593,0.5732041597366333,1323998
<_io.BytesIO object at 0x000001ED50BD1310>,0.3771843910217285,0.019618038088083267,0.5429161787033081,1323999
<_io.BytesIO object at 0x000001ED50BD1F90>,0.29527047276496887,0.018543150275945663,0.5580117106437683,1323999
<_io.BytesIO object at 0x000001ED50BD64F0>,0.2048111855983734,0.01677376590669155,0.5732052326202393,1323999
<_io.BytesIO object at 0x000001ED50BD1310>,0.37716877460479736,0.01959756389260292,0.542941153049469,1324000
<_io.BytesIO object at 0x000001ED50BD16D0>,0.2952529191970825,0.01853695698082447,0.5580377578735352,1324000
<_io.BytesIO object at 0x000001ED50BD61D0>,0.20479030907154083,0.0168017391115427,0.5733243227005005,1324000
<_io.BytesIO object at 0x000001ED50BD1310>,0.3771761655807495,0.0195861104875803,0.5429514050483704,1324001
<_io.BytesIO object at 0x000001ED50BD1630>,0.2952519357204437,0.018551994115114212,0.5580416321754456,1324001
<_io.BytesIO object at 0x000001ED50BD66D0>,0.20481890439987183,0.016815975308418274,0.5732877254486084,1324001
<_io.BytesIO object at 0x000001ED50BD1310>,0.37717685103416443,0.01957334205508232,0.5429624319076538,1324002
<_io.BytesIO object at 0x000001ED50BD1A90>,0.2952542006969452,0.01854674145579338,0.5580505728721619,1324002
<_io.BytesIO object at 0x000001ED50BD6630>,0.2048145979642868,0.01682509295642376,0.5732837319374084,1324002
<_io.BytesIO object at 0x000001ED50BD19F0>,0.37717998027801514,0.019565677270293236,0.5429763197898865,1324003
<_io.BytesIO object at 0x000001ED50BD1C20>,0.29526740312576294,0.018553519621491432,0.5580266118049622,1324003
<_io.BytesIO object at 0x000001ED50BD64A0>,0.20480471849441528,0.01681741513311863,0.5731993913650513,1324003
<_io.BytesIO object at 0x000001ED50BD19F0>,0.37717700004577637,0.019544953480362892,0.5430002808570862,1324004
<_io.BytesIO object at 0x000001ED50BD1720>,0.295267790555954,0.018559128046035767,0.5581445693969727,1324004
<_io.BytesIO object at 0x000001ED50BD6860>,0.20478466153144836,0.01684132218360901,0.5732170939445496,1324004
<_io.BytesIO object at 0x000001ED50BD19F0>,0.37717655301094055,0.019534185528755188,0.5430157780647278,1324005
<_io.BytesIO object at 0x000001ED50BD1B30>,0.29525837302207947,0.018545715138316154,0.5580707788467407,1324005
<_io.BytesIO object at 0x000001ED50BD66D0>,0.20478644967079163,0.016849156469106674,0.5732157230377197,1324005
<_io.BytesIO object at 0x000001ED50BD19F0>,0.3771791458129883,0.019517820328474045,0.5430298447608948,1324006
<_io.BytesIO object at 0x000001ED50BD1F90>,0.2952597141265869,0.018544014543294907,0.5580742955207825,1324006
<_io.BytesIO object at 0x000001ED50BD6130>,0.20478381216526031,0.01687818579375744,0.5732037425041199,1324006
<_io.BytesIO object at 0x000001ED50BD1950>,0.37719208002090454,0.019509416073560715,0.5430465936660767,1324007
<_io.BytesIO object at 0x000001ED50BD1DB0>,0.29526281356811523,0.01854785904288292,0.55808025598526,1324007
<_io.BytesIO object at 0x000001ED50BD6450>,0.20478901267051697,0.016894841566681862,0.5731967687606812,1324007
<_io.BytesIO object at 0x000001ED50BD1B30>,0.3771965205669403,0.019508257508277893,0.5430663824081421,1324008
<_io.BytesIO object at 0x000001ED50BD1A90>,0.29526761174201965,0.018550148233771324,0.5580878853797913,1324008
<_io.BytesIO object at 0x000001ED50BD6090>,0.20478881895542145,0.016903234645724297,0.5731940269470215,1324008
<_io.BytesIO object at 0x000001ED50BD19A0>,0.37721970677375793,0.019484154880046844,0.543081521987915,1324009
<_io.BytesIO object at 0x000001ED50BD1A90>,0.2952774167060852,0.0185480285435915,0.5580860376358032,1324009
<_io.BytesIO object at 0x000001ED50BD6C20>,0.20479263365268707,0.01691153086721897,0.5731930732727051,1324009
<_io.BytesIO object at 0x000001ED50BD16D0>,0.37721407413482666,0.019490288570523262,0.5430889129638672,1324010
<_io.BytesIO object at 0x000001ED50BD19A0>,0.29529106616973877,0.018544785678386688,0.5580931305885315,1324010
<_io.BytesIO object at 0x000001ED50BD6C20>,0.2048046886920929,0.016917375847697258,0.573186993598938,1324010
<_io.BytesIO object at 0x000001ED50BD16D0>,0.37729397416114807,0.019430510699748993,0.543067991733551,1324011
<_io.BytesIO object at 0x000001ED50BD1C20>,0.29529911279678345,0.01854485273361206,0.5580885410308838,1324011
<_io.BytesIO object at 0x000001ED50BD6810>,0.20481736958026886,0.016923869028687477,0.5731750726699829,1324011
<_io.BytesIO object at 0x000001ED50BD1720>,0.3772471249103546,0.019457902759313583,0.5431035161018372,1324012
<_io.BytesIO object at 0x000001ED50BD16D0>,0.2953059673309326,0.01854104734957218,0.558088481426239,1324012
<_io.BytesIO object at 0x000001ED50BD6810>,0.20482394099235535,0.016924729570746422,0.573157548904419,1324012
<_io.BytesIO object at 0x000001ED50BD1C20>,0.37726500630378723,0.019455231726169586,0.5431265234947205,1324013
<_io.BytesIO object at 0x000001ED50BD1D60>,0.29542484879493713,0.01849890686571598,0.5582725405693054,1324013
<_io.BytesIO object at 0x000001ED50BD6810>,0.20484711229801178,0.01691839098930359,0.5731382966041565,1324013
<_io.BytesIO object at 0x000001ED50BD1220>,0.37732163071632385,0.019396847113966942,0.5431146025657654,1324014
<_io.BytesIO object at 0x000001ED50BD10E0>,0.29534590244293213,0.018507253378629684,0.5581062436103821,1324014
<_io.BytesIO object at 0x000001ED50BD6810>,0.20484913885593414,0.016912847757339478,0.5731254816055298,1324014
<_io.BytesIO object at 0x000001ED50BD1220>,0.37734079360961914,0.019394220784306526,0.5431261658668518,1324015
<_io.BytesIO object at 0x000001ED50BD1270>,0.29534611105918884,0.018508773297071457,0.5580998063087463,1324015
<_io.BytesIO object at 0x000001ED50BD69A0>,0.20486019551753998,0.016908662393689156,0.5731098055839539,1324015
<_io.BytesIO object at 0x000001ED50BD1220>,0.3773593604564667,0.019393911585211754,0.5431367754936218,1324016
<_io.BytesIO object at 0x000001ED50BD1AE0>,0.29537272453308105,0.01850203052163124,0.5580756664276123,1324016
<_io.BytesIO object at 0x000001ED50BD6130>,0.2048691213130951,0.016910115256905556,0.5730915665626526,1324016
<_io.BytesIO object at 0x000001ED50BD10E0>,0.37736693024635315,0.019391141831874847,0.5431479215621948,1324017
<_io.BytesIO object at 0x000001ED50BD13B0>,0.29546451568603516,0.018476974219083786,0.5582646727561951,1324017
<_io.BytesIO object at 0x000001ED50BD6130>,0.2048778533935547,0.016899483278393745,0.5730777382850647,1324017
<_io.BytesIO object at 0x000001ED50BD10E0>,0.3774466812610626,0.01940988376736641,0.5432261228561401,1324018
<_io.BytesIO object at 0x000001ED50BD1B30>,0.29546651244163513,0.01847393624484539,0.5582627058029175,1324018
<_io.BytesIO object at 0x000001ED50BD6450>,0.20488034188747406,0.01689639687538147,0.5730642676353455,1324018
<_io.BytesIO object at 0x000001ED50BD10E0>,0.3773811459541321,0.019388267770409584,0.5431673526763916,1324019
<_io.BytesIO object at 0x000001ED50BD1130>,0.29539427161216736,0.01849943771958351,0.55806964635849,1324019
<_io.BytesIO object at 0x000001ED50BD64A0>,0.20488253235816956,0.016900818794965744,0.5730480551719666,1324019
<_io.BytesIO object at 0x000001ED50BD1C20>,0.3774634897708893,0.01942291110754013,0.5432312488555908,1324020
<_io.BytesIO object at 0x000001ED50BD10E0>,0.29548829793930054,0.018485359847545624,0.5582220554351807,1324020
<_io.BytesIO object at 0x000001ED50BD64A0>,0.20483718812465668,0.01696835644543171,0.5729812383651733,1324020
<_io.BytesIO object at 0x000001ED50BD1C20>,0.3774615228176117,0.01943187415599823,0.5432389974594116,1324021
<_io.BytesIO object at 0x000001ED50BD16D0>,0.29548758268356323,0.018490592017769814,0.5582190155982971,1324021
<_io.BytesIO object at 0x000001ED50BD6DB0>,0.2048351764678955,0.016980379819869995,0.5729652047157288,1324021
<_io.BytesIO object at 0x000001ED50BD19F0>,0.37745997309684753,0.01943405717611313,0.5432487726211548,1324022
<_io.BytesIO object at 0x000001ED50BD1270>,0.29548710584640503,0.018503591418266296,0.558217465877533,1324022
<_io.BytesIO object at 0x000001ED50BD68B0>,0.2048318237066269,0.0169930849224329,0.5729517936706543,1324022
<_io.BytesIO object at 0x000001ED50BD19F0>,0.37746715545654297,0.019441857933998108,0.5432659387588501,1324023
<_io.BytesIO object at 0x000001ED50BD13B0>,0.29539304971694946,0.01852748915553093,0.5580524802207947,1324023
<_io.BytesIO object at 0x000001ED50BD6C70>,0.2048301100730896,0.017003586515784264,0.5729372501373291,1324023
<_io.BytesIO object at 0x000001ED50BD1A90>,0.3774675130844116,0.019441591575741768,0.5432794690132141,1324024
<_io.BytesIO object at 0x000001ED50BD16D0>,0.2953914403915405,0.018545076251029968,0.5580475330352783,1324024
<_io.BytesIO object at 0x000001ED50BD6950>,0.20482799410820007,0.01702282391488552,0.5729150772094727,1324024
<_io.BytesIO object at 0x000001ED50BD1B30>,0.3774191737174988,0.019410423934459686,0.543357253074646,1324025
<_io.BytesIO object at 0x000001ED50BD1F90>,0.2954751253128052,0.01855994574725628,0.5582113265991211,1324025
<_io.BytesIO object at 0x000001ED50BD6950>,0.20482583343982697,0.01704571209847927,0.5729085206985474,1324025
<_io.BytesIO object at 0x000001ED50BD1A90>,0.3774319589138031,0.019407307729125023,0.5433932542800903,1324026
<_io.BytesIO object at 0x000001ED50BD1B30>,0.2954779863357544,0.018568145111203194,0.5582332611083984,1324026
<_io.BytesIO object at 0x000001ED50BD6950>,0.20483221113681793,0.017075560986995697,0.5728983283042908,1324026
<_io.BytesIO object at 0x000001ED50BD1A90>,0.3774419128894806,0.01941521279513836,0.5434361100196838,1324027
<_io.BytesIO object at 0x000001ED50BD19F0>,0.2954883277416229,0.01856307126581669,0.5582795739173889,1324027
<_io.BytesIO object at 0x000001ED50BD69F0>,0.20483726263046265,0.017099440097808838,0.5728989839553833,1324027
<_io.BytesIO object at 0x000001ED50BD1A90>,0.3774605393409729,0.019418369978666306,0.5434583425521851,1324028
<_io.BytesIO object at 0x000001ED50BD1220>,0.2954976558685303,0.018589815124869347,0.5582907795906067,1324028
<_io.BytesIO object at 0x000001ED50BD6630>,0.20491433143615723,0.017162123695015907,0.5727903246879578,1324028
<_io.BytesIO object at 0x000001ED50BD1A90>,0.37749144434928894,0.01944126933813095,0.5434561371803284,1324029
<_io.BytesIO object at 0x000001ED50BD18B0>,0.29551076889038086,0.018656179308891296,0.5583531856536865,1324029
<_io.BytesIO object at 0x000001ED50BD6090>,0.20492631196975708,0.01720578782260418,0.5727684497833252,1324029
<_io.BytesIO object at 0x000001ED50BD1360>,0.3774944543838501,0.01945842243731022,0.5434402823448181,1324030
<_io.BytesIO object at 0x000001ED50BD1A90>,0.2955288887023926,0.01868625357747078,0.5583024621009827,1324030
<_io.BytesIO object at 0x000001ED50BD6090>,0.2049536406993866,0.017368996515870094,0.5727900862693787,1324030
<_io.BytesIO object at 0x000001ED50BD1360>,0.37750208377838135,0.019485164433717728,0.5433964133262634,1324031
<_io.BytesIO object at 0x000001ED50BD1F90>,0.2954561710357666,0.018759869039058685,0.5582746267318726,1324031
<_io.BytesIO object at 0x000001ED50BD6450>,0.20495694875717163,0.01741906628012657,0.5727527737617493,1324031
<_io.BytesIO object at 0x000001ED50BD1360>,0.3775647282600403,0.01954868994653225,0.5432886481285095,1324032
<_io.BytesIO object at 0x000001ED50BD1C20>,0.2954617142677307,0.018813911825418472,0.5582261681556702,1324032
<_io.BytesIO object at 0x000001ED50BD1130>,0.20496946573257446,0.017465051263570786,0.5727137327194214,1324032
<_io.BytesIO object at 0x000001ED50BD1360>,0.3775736689567566,0.019602565094828606,0.5432266592979431,1324033
<_io.BytesIO object at 0x000001ED50BD1B30>,0.29535624384880066,0.018857358023524284,0.5579185485839844,1324033
<_io.BytesIO object at 0x000001ED50BD6860>,0.20497576892375946,0.01753569208085537,0.5726434588432312,1324033
<_io.BytesIO object at 0x000001ED50BD1F90>,0.37757590413093567,0.019656343385577202,0.5431750416755676,1324034
<_io.BytesIO object at 0x000001ED50BD13B0>,0.29535865783691406,0.018926436081528664,0.5578458309173584,1324034
<_io.BytesIO object at 0x000001ED50BD6A90>,0.20498250424861908,0.017597142606973648,0.5725604891777039,1324034
<_io.BytesIO object at 0x000001ED50BD1AE0>,0.3775194585323334,0.019773701205849648,0.5430215001106262,1324036
<_io.BytesIO object at 0x000001ED50BD1F90>,0.29533281922340393,0.019064072519540787,0.5578618049621582,1324036
<_io.BytesIO object at 0x000001ED50BD6A90>,0.20508433878421783,0.017886556684970856,0.5723372101783752,1324036
<_io.BytesIO object at 0x000001ED50BD1AE0>,0.37758171558380127,0.019979167729616165,0.542963981628418,1324037
<_io.BytesIO object at 0x000001ED50BD19A0>,0.295419842004776,0.01922706700861454,0.5577064752578735,1324037
<_io.BytesIO object at 0x000001ED50BD6C20>,0.2049676477909088,0.017884479835629463,0.5722665786743164,1324037
<_io.BytesIO object at 0x000001ED50BD1AE0>,0.3775322437286377,0.020216042175889015,0.5428590178489685,1324038
<_io.BytesIO object at 0x000001ED50BD1A90>,0.295486181974411,0.019472822546958923,0.5574955344200134,1324038
<_io.BytesIO object at 0x000001ED50BD6C70>,0.20494170486927032,0.018047170713543892,0.5721650123596191,1324038
<_io.BytesIO object at 0x000001ED50BD18B0>,0.37740781903266907,0.020652025938034058,0.5425989031791687,1324039
<_io.BytesIO object at 0x000001ED50BD1B30>,0.2955082952976227,0.01977545954287052,0.557384729385376,1324039
<_io.BytesIO object at 0x000001ED50BD6590>,0.2049802541732788,0.018431443721055984,0.5718071460723877,1324039
<_io.BytesIO object at 0x000001ED50BD1AE0>,0.37734586000442505,0.021238574758172035,0.5422695875167847,1324040
<_io.BytesIO object at 0x000001ED50BD1310>,0.2953387200832367,0.020258935168385506,0.5570263266563416,1324040
<_io.BytesIO object at 0x000001ED50BD6590>,0.20491929352283478,0.018719611689448357,0.5715065598487854,1324040
<_io.BytesIO object at 0x000001ED50BD1A90>,0.37741851806640625,0.021826591342687607,0.5418220162391663,1324041
<_io.BytesIO object at 0x000001ED50BD19F0>,0.29551300406455994,0.02099006436765194,0.5565733909606934,1324041
<_io.BytesIO object at 0x000001ED50BD6590>,0.20488959550857544,0.019321942701935768,0.5711269378662109,1324041
<_io.BytesIO object at 0x000001ED50BD1A90>,0.3775039315223694,0.022499052807688713,0.5413278937339783,1324042
<_io.BytesIO object at 0x000001ED50BD1950>,0.295491099357605,0.021477844566106796,0.5562953352928162,1324042
<_io.BytesIO object at 0x000001ED50BD69A0>,0.20496824383735657,0.019782284274697304,0.5708136558532715,1324042
<_io.BytesIO object at 0x000001ED50BD1A90>,0.3773387372493744,0.023498883470892906,0.5408573150634766,1324043
<_io.BytesIO object at 0x000001ED50BD1360>,0.2955790162086487,0.02223561331629753,0.5556813478469849,1324043
<_io.BytesIO object at 0x000001ED50BD6270>,0.20511175692081451,0.020355353131890297,0.5704673528671265,1324043
<_io.BytesIO object at 0x000001ED50BD1A90>,0.37748703360557556,0.024749428033828735,0.5405393242835999,1324044
<_io.BytesIO object at 0x000001ED50BD1270>,0.29569730162620544,0.02341141179203987,0.5552955269813538,1324044
<_io.BytesIO object at 0x000001ED50BD69F0>,0.2050814926624298,0.02111014723777771,0.5699167847633362,1324044
<_io.BytesIO object at 0x000001ED50BD1D60>,0.3775654435157776,0.026863442733883858,0.5398368239402771,1324045
<_io.BytesIO object at 0x000001ED50BD18B0>,0.2956332564353943,0.024954084306955338,0.5549117922782898,1324045
<_io.BytesIO object at 0x000001ED50BD6360>,0.20506243407726288,0.02229132130742073,0.5694401860237122,1324045
<_io.BytesIO object at 0x000001ED50C56590>,0.3775968849658966,0.02904861979186535,0.539416491985321,1324046
<_io.BytesIO object at 0x000001ED50C56810>,0.29569652676582336,0.026819128543138504,0.554447591304779,1324046
<_io.BytesIO object at 0x000001ED50C56AE0>,0.2052447646856308,0.023657718673348427,0.5688631534576416,1324046
<_io.BytesIO object at 0x000001ED50C062C0>,0.37796929478645325,0.03168300911784172,0.538999617099762,1324047
<_io.BytesIO object at 0x000001ED50C06A40>,0.29604893922805786,0.029004892334342003,0.5539453029632568,1324047
<_io.BytesIO object at 0x000001ED50C06C70>,0.2054618000984192,0.025233207270503044,0.5682892203330994,1324047
<_io.BytesIO object at 0x000001ED50C064F0>,0.3778814971446991,0.03492222726345062,0.5380128026008606,1324048
<_io.BytesIO object at 0x000001ED50C06040>,0.29596251249313354,0.03167460486292839,0.5529264211654663,1324048
<_io.BytesIO object at 0x000001ED50C50F40>,0.2056225836277008,0.027131635695695877,0.5674601793289185,1324048
<_io.BytesIO object at 0x000001ED50C103B0>,0.3779066503047943,0.03875396028161049,0.5370127558708191,1324049
<_io.BytesIO object at 0x000001ED50C10E00>,0.2960847020149231,0.03469705954194069,0.5518949031829834,1324049
<_io.BytesIO object at 0x000001ED50C10B30>,0.20579151809215546,0.029436197131872177,0.5664888024330139,1324049
<_io.BytesIO object at 0x000001ED50C28220>,0.37839335203170776,0.04648159444332123,0.5354641675949097,1324051
<_io.BytesIO object at 0x000001ED50C28270>,0.29638633131980896,0.04098539054393768,0.550175130367279,1324051
<_io.BytesIO object at 0x000001ED50C289F0>,0.20614121854305267,0.03400905430316925,0.564622163772583,1324051
<_io.BytesIO object at 0x000001ED50C44E00>,0.3785112500190735,0.05390143394470215,0.5334658622741699,1324053
<_io.BytesIO object at 0x000001ED50C446D0>,0.29692909121513367,0.04697049781680107,0.5479553937911987,1324053
<_io.BytesIO object at 0x000001ED50C26360>,0.206576868891716,0.03865474835038185,0.5622168779373169,1324053
<_io.BytesIO object at 0x000001ED50C52DB0>,0.3791888356208801,0.060506388545036316,0.5303792953491211,1324055
<_io.BytesIO object at 0x000001ED50BD31D0>,0.29741644859313965,0.052384015172719955,0.5448406934738159,1324055
<_io.BytesIO object at 0x000001ED50BD3130>,0.2072690725326538,0.04305601119995117,0.558944046497345,1324055
<_io.BytesIO object at 0x000001ED50C10F90>,0.37989693880081177,0.06511971354484558,0.5259631872177124,1324057
<_io.BytesIO object at 0x000001ED50C10450>,0.29820266366004944,0.05673709884285927,0.540850818157196,1324057
<_io.BytesIO object at 0x000001ED50C10900>,0.20803561806678772,0.04685266315937042,0.5548617243766785,1324057
<_io.BytesIO object at 0x000001ED50C22C20>,0.3807995319366455,0.0683319941163063,0.5212192535400391,1324059
<_io.BytesIO object at 0x000001ED50C22590>,0.2992604374885559,0.059982530772686005,0.5361116528511047,1324059
<_io.BytesIO object at 0x000001ED50C22770>,0.20919252932071686,0.050049759447574615,0.5503062605857849,1324059
<_io.BytesIO object at 0x000001ED50BDF9F0>,0.38146165013313293,0.06991928070783615,0.5187986493110657,1324060
<_io.BytesIO object at 0x000001ED50C0A9A0>,0.29955536127090454,0.06146165728569031,0.5335299968719482,1324060
<_io.BytesIO object at 0x000001ED50C0AC20>,0.2097826600074768,0.05152158811688423,0.5478954911231995,1324060
<_io.BytesIO object at 0x000001ED50BD90E0>,0.3819710314273834,0.07136330753564835,0.5163903832435608,1324061
<_io.BytesIO object at 0x000001ED50BD9B30>,0.30034658312797546,0.06282131373882294,0.531179666519165,1324061
<_io.BytesIO object at 0x000001ED50BD9C70>,0.21013173460960388,0.05287328362464905,0.5453439354896545,1324061
<_io.BytesIO object at 0x000001ED50C068B0>,0.38276222348213196,0.07262617349624634,0.5141618251800537,1324062
<_io.BytesIO object at 0x000001ED50C06E50>,0.3008027672767639,0.064229816198349,0.5288017392158508,1324062
<_io.BytesIO object at 0x000001ED50C06F90>,0.21099169552326202,0.05439244210720062,0.5429227352142334,1324062
<_io.BytesIO object at 0x000001ED50C10540>,0.38335132598876953,0.07382865995168686,0.5120952725410461,1324063
<_io.BytesIO object at 0x000001ED50C10BD0>,0.3017145097255707,0.06541513651609421,0.5263727903366089,1324063
<_io.BytesIO object at 0x000001ED50C10950>,0.21153034269809723,0.05575408414006233,0.5403412580490112,1324063
<_io.BytesIO object at 0x000001ED50C19130>,0.3842357397079468,0.074876569211483,0.5100477337837219,1324064
<_io.BytesIO object at 0x000001ED50C19450>,0.3023117184638977,0.06655393540859222,0.5243279337882996,1324064
<_io.BytesIO object at 0x000001ED50C19090>,0.21226735413074493,0.05688959360122681,0.5378965735435486,1324064
<_io.BytesIO object at 0x000001ED50C0CD10>,0.38605454564094543,0.07676803320646286,0.5060681104660034,1324066
<_io.BytesIO object at 0x000001ED50C0CDB0>,0.3038055896759033,0.06887903809547424,0.5195295214653015,1324066
<_io.BytesIO object at 0x000001ED50C0CC20>,0.21384677290916443,0.05928850919008255,0.5325097441673279,1324066
<_io.BytesIO object at 0x000001ED50C56360>,0.3878365159034729,0.07835286855697632,0.5013436675071716,1324068
<_io.BytesIO object at 0x000001ED50C56B80>,0.30547818541526794,0.07059110701084137,0.514431357383728,1324068
<_io.BytesIO object at 0x000001ED50C56A40>,0.21532310545444489,0.06138310953974724,0.5267743468284607,1324068
<_io.BytesIO object at 0x000001ED50C0ECC0>,0.38863474130630493,0.07909323275089264,0.498589426279068,1324069
<_io.BytesIO object at 0x000001ED50C3E400>,0.30660539865493774,0.07138228416442871,0.5113407969474792,1324069
<_io.BytesIO object at 0x000001ED50C3E810>,0.21601758897304535,0.062326036393642426,0.5234018564224243,1324069
<_io.BytesIO object at 0x000001ED50C17B30>,0.3894689977169037,0.07947485893964767,0.4953480064868927,1324070
<_io.BytesIO object at 0x000001ED50C174F0>,0.3071841895580292,0.07200951874256134,0.5080223679542542,1324070
<_io.BytesIO object at 0x000001ED50C3E900>,0.21676279604434967,0.06319454312324524,0.5198055505752563,1324070
<_io.BytesIO object at 0x000001ED50C47C20>,0.3902907073497772,0.07985833287239075,0.4917098879814148,1324071
<_io.BytesIO object at 0x000001ED50C474F0>,0.30799829959869385,0.07265608757734299,0.504073977470398,1324071
<_io.BytesIO object at 0x000001ED50C47AE0>,0.21751944720745087,0.06397812813520432,0.5161216259002686,1324071
<_io.BytesIO object at 0x000001ED50C27040>,0.3909741938114166,0.08040496706962585,0.4875766336917877,1324072
<_io.BytesIO object at 0x000001ED50C272C0>,0.30871179699897766,0.07320556789636612,0.500171422958374,1324072
<_io.BytesIO object at 0x000001ED50C27400>,0.21811726689338684,0.06476541608572006,0.5118956565856934,1324072
<_io.BytesIO object at 0x000001ED50C3CF40>,0.3915046155452728,0.08081236481666565,0.4831731915473938,1324073
<_io.BytesIO object at 0x000001ED50C3CAE0>,0.3092498183250427,0.07391401380300522,0.49567365646362305,1324073
<_io.BytesIO object at 0x000001ED50C1C130>,0.21880598366260529,0.06564204394817352,0.5073279738426208,1324073
<_io.BytesIO object at 0x000001ED50C09180>,0.3922114968299866,0.08134172856807709,0.47820740938186646,1324074
<_io.BytesIO object at 0x000001ED50C21540>,0.31000691652297974,0.07456164807081223,0.49080976843833923,1324074
<_io.BytesIO object at 0x000001ED50C219F0>,0.2193782925605774,0.06655330955982208,0.502670168876648,1324074
<_io.BytesIO object at 0x000001ED50C10950>,0.39271342754364014,0.08215277642011642,0.4729476571083069,1324075
<_io.BytesIO object at 0x000001ED50C10DB0>,0.310479998588562,0.07535999268293381,0.4856220781803131,1324075
<_io.BytesIO object at 0x000001ED50C10770>,0.2199295312166214,0.06742005050182343,0.49757498502731323,1324075
<_io.BytesIO object at 0x000001ED50C389F0>,0.3934827744960785,0.08387762308120728,0.46113884449005127,1324077
<_io.BytesIO object at 0x000001ED50C38860>,0.31122320890426636,0.07729281485080719,0.4741218686103821,1324077
<_io.BytesIO object at 0x000001ED50C38040>,0.2206043303012848,0.06937465071678162,0.4865146577358246,1324077
<_io.BytesIO object at 0x000001ED50C5C9F0>,0.39351963996887207,0.08607245236635208,0.44661596417427063,1324079
<_io.BytesIO object at 0x000001ED50C5CE50>,0.3115161657333374,0.07918737083673477,0.4604150950908661,1324079
<_io.BytesIO object at 0x000001ED50C5C130>,0.2208539843559265,0.07186892628669739,0.47381576895713806,1324079
<_io.BytesIO object at 0x000001ED50BD09F0>,0.3928164541721344,0.08812298625707626,0.42959681153297424,1324081
<_io.BytesIO object at 0x000001ED50BD0A90>,0.3110089898109436,0.0811794325709343,0.4446038007736206,1324081
<_io.BytesIO object at 0x000001ED50BD0400>,0.22092404961585999,0.07312854379415512,0.4592791199684143,1324081
<_io.BytesIO object at 0x000001ED50BD6220>,0.3922854959964752,0.08898139744997025,0.4205627143383026,1324082
<_io.BytesIO object at 0x000001ED50BD6450>,0.3105274736881256,0.08190727233886719,0.43620380759239197,1324082
<_io.BytesIO object at 0x000001ED50BD6630>,0.2205301970243454,0.07396914809942245,0.45145153999328613,1324082
<_io.BytesIO object at 0x000001ED50C17090>,0.39161357283592224,0.0896989107131958,0.411183625459671,1324083
<_io.BytesIO object at 0x000001ED50C17450>,0.3097454011440277,0.0824093297123909,0.42759692668914795,1324083
<_io.BytesIO object at 0x000001ED50C174F0>,0.22018715739250183,0.07463186234235764,0.4437744915485382,1324083
<_io.BytesIO object at 0x000001ED50C193B0>,0.3896333575248718,0.09065276384353638,0.39147767424583435,1324085
<_io.BytesIO object at 0x000001ED50C194A0>,0.3082335591316223,0.08332416415214539,0.4095732569694519,1324085
<_io.BytesIO object at 0x000001ED50C19810>,0.21875952184200287,0.0753822848200798,0.4274839758872986,1324085
<_io.BytesIO object at 0x000001ED50C4FB80>,0.3885154724121094,0.09082411229610443,0.38146695494651794,1324086
<_io.BytesIO object at 0x000001ED50C4FD60>,0.3073604106903076,0.08363526314496994,0.4002664387226105,1324086
<_io.BytesIO object at 0x000001ED50C4FF40>,0.21792824566364288,0.07575592398643494,0.4189962148666382,1324086
<_io.BytesIO object at 0x000001ED50C34B30>,0.38585612177848816,0.0911286249756813,0.3614214062690735,1324088
<_io.BytesIO object at 0x000001ED50C346D0>,0.3049924969673157,0.08393443375825882,0.3818087577819824,1324088
<_io.BytesIO object at 0x000001ED50C34AE0>,0.21599861979484558,0.07585175335407257,0.4025757312774658,1324088
<_io.BytesIO object at 0x000001ED50C4F860>,0.3836507499217987,0.09125463664531708,0.34302976727485657,1324090
<_io.BytesIO object at 0x000001ED50C4F6D0>,0.30268561840057373,0.0835738405585289,0.3642819821834564,1324090
<_io.BytesIO object at 0x000001ED50C4F310>,0.2139194756746292,0.0757056251168251,0.3866465091705322,1324090
<_io.BytesIO object at 0x000001ED50BD6C70>,0.38131532073020935,0.08981949090957642,0.33321744203567505,1324091
<_io.BytesIO object at 0x000001ED50C4D180>,0.30166301131248474,0.08338525891304016,0.35603097081184387,1324091
<_io.BytesIO object at 0x000001ED50C4D040>,0.2128220796585083,0.07530900835990906,0.37907442450523376,1324091
<_io.BytesIO object at 0x000001ED50C262C0>,0.3796451687812805,0.08872992545366287,0.3242706060409546,1324092
<_io.BytesIO object at 0x000001ED50C26310>,0.3003620505332947,0.08263716101646423,0.3478773832321167,1324092
<_io.BytesIO object at 0x000001ED50BDC270>,0.2116619497537613,0.07485932111740112,0.3715420365333557,1324092
<_io.BytesIO object at 0x000001ED50C52630>,0.37849152088165283,0.08755407482385635,0.3157872259616852,1324093
<_io.BytesIO object at 0x000001ED50C527C0>,0.2992739677429199,0.0815482884645462,0.33960625529289246,1324093
<_io.BytesIO object at 0x000001ED50C52090>,0.21077820658683777,0.07409203052520752,0.36462822556495667,1324093
<_io.BytesIO object at 0x000001ED50BDC8B0>,0.3768990933895111,0.08596713095903397,0.3075530230998993,1324094
<_io.BytesIO object at 0x000001ED50BDB270>,0.2975364029407501,0.07999474555253983,0.3321422040462494,1324094
<_io.BytesIO object at 0x000001ED50BDB130>,0.20967473089694977,0.07326594740152359,0.3577047288417816,1324094
<_io.BytesIO object at 0x000001ED50C06270>,0.3756912648677826,0.08396320790052414,0.29958376288414,1324095
<_io.BytesIO object at 0x000001ED50C06D10>,0.29624277353286743,0.07857949286699295,0.32486292719841003,1324095
<_io.BytesIO object at 0x000001ED50C06090>,0.2085982710123062,0.07240483909845352,0.3511665165424347,1324095
<_io.BytesIO object at 0x000001ED50BDF630>,0.3744560778141022,0.08195971697568893,0.2918245494365692,1324096
<_io.BytesIO object at 0x000001ED50BDF770>,0.29496461153030396,0.07681611180305481,0.3180827796459198,1324096
<_io.BytesIO object at 0x000001ED50BDFBD0>,0.20748865604400635,0.07137569785118103,0.34467440843582153,1324096
<_io.BytesIO object at 0x000001ED50C509A0>,0.3731507360935211,0.07992607355117798,0.2844078540802002,1324097
<_io.BytesIO object at 0x000001ED50C50E00>,0.29386308789253235,0.07534097880125046,0.3111236095428467,1324097
<_io.BytesIO object at 0x000001ED50C50C70>,0.20653975009918213,0.07041659951210022,0.3387105464935303,1324097
<_io.BytesIO object at 0x000001ED50C39770>,0.37194550037384033,0.07818800210952759,0.2775997519493103,1324098
<_io.BytesIO object at 0x000001ED50C39950>,0.2927835285663605,0.07383258640766144,0.30479833483695984,1324098
<_io.BytesIO object at 0x000001ED50C393B0>,0.20553931593894958,0.06930030137300491,0.33277255296707153,1324098
<_io.BytesIO object at 0x000001ED50C18540>,0.3707953691482544,0.07672582566738129,0.27104446291923523,1324099
<_io.BytesIO object at 0x000001ED50C18C70>,0.2917899191379547,0.0724329799413681,0.2989276349544525,1324099
<_io.BytesIO object at 0x000001ED50C182C0>,0.20473189651966095,0.06823607534170151,0.32746848464012146,1324099
<_io.BytesIO object at 0x000001ED50C0AEF0>,0.368998646736145,0.07379873842000961,0.2601866126060486,1324101
<_io.BytesIO object at 0x000001ED50C0ADB0>,0.29038065671920776,0.07043766975402832,0.28888610005378723,1324101
<_io.BytesIO object at 0x000001ED50BD5A90>,0.2037174105644226,0.0666612833738327,0.31828969717025757,1324101
<_io.BytesIO object at 0x000001ED50C174A0>,0.3695729672908783,0.07194890826940536,0.2529662549495697,1324103
<_io.BytesIO object at 0x000001ED50C17770>,0.29080745577812195,0.06899247318506241,0.2815444767475128,1324103
<_io.BytesIO object at 0x000001ED50C17BD0>,0.203756645321846,0.06551961600780487,0.3112804591655731,1324103
<_io.BytesIO object at 0x000001ED50C28DB0>,0.3700251579284668,0.07099474221467972,0.25020909309387207,1324104
<_io.BytesIO object at 0x000001ED50C284F0>,0.2913312315940857,0.06848347187042236,0.2787533700466156,1324104
<_io.BytesIO object at 0x000001ED50C28C20>,0.2044467180967331,0.06535562872886658,0.3081616759300232,1324104
